{
    "fieldSets": [
        {
            "fields": [
                {
                    "name": "icon",
                    "label": "Icone Name",
                    "description": "button-text",
                    "type": "text",
                    "typeOptions": {
                        "placeholder": "Placeholder"
                    },
                    "dataType": "string",
                    "defaultValue": "icofont-surgeon-alt"
                }
            ]
        }
    ]
}